page,status,http_code,rows
1,ok,200,20
2,ok,200,20
3,ok,200,20
4,ok,200,20
5,ok,200,20
6,ok,200,20
7,ok,200,20
8,ok,200,20
9,ok,200,20
10,ok,200,20
11,ok,200,20
12,ok,200,20
13,ok,200,20
14,ok,200,20
15,ok,200,20
16,ok,200,20
17,ok,200,20
18,ok,200,20
19,ok,200,20
20,ok,200,20
21,ok,200,20
22,ok,200,20
23,ok,200,20
24,ok,200,20
25,ok,200,20
26,ok,200,20
27,ok,200,20
28,ok,200,20
29,ok,200,20
30,ok,200,20
31,ok,200,20
32,ok,200,20
33,ok,200,20
34,ok,200,20
35,ok,200,20
36,ok,200,20
37,ok,200,20
38,ok,200,20
39,ok,200,20
40,ok,200,20
41,ok,200,20
42,ok,200,20
43,ok,200,20
44,ok,200,20
45,ok,200,20
46,ok,200,20
47,ok,200,20
48,ok,200,20
49,ok,200,20
50,ok,200,20
51,ok,200,20
52,ok,200,20
53,ok,200,20
54,ok,200,20
55,ok,200,20
56,ok,200,20
57,ok,200,20
58,ok,200,20
59,ok,200,20
60,ok,200,20
61,ok,200,20
62,ok,200,20
63,ok,200,20
64,ok,200,20
65,ok,200,20
66,ok,200,20
67,ok,200,20
68,ok,200,20
69,ok,200,20
70,ok,200,20
71,ok,200,20
72,ok,200,20
73,ok,200,20
74,ok,200,20
75,ok,200,20
76,ok,200,20
77,ok,200,20
78,ok,200,20
79,ok,200,20
80,ok,200,20
81,ok,200,20
82,ok,200,20
83,ok,200,20
84,ok,200,20
85,ok,200,20
86,ok,200,20
87,ok,200,20
88,ok,200,20
89,ok,200,20
90,ok,200,20
91,ok,200,20
92,ok,200,20
93,ok,200,20
94,ok,200,20
95,ok,200,20
96,ok,200,20
97,ok,200,20
98,ok,200,20
99,ok,200,20
100,ok,200,20
101,ok,200,20
102,ok,200,20
103,ok,200,20
104,ok,200,20
105,ok,200,20
106,ok,200,20
107,ok,200,20
108,ok,200,20
109,ok,200,20
110,ok,200,20
111,ok,200,20
112,ok,200,20
113,ok,200,20
114,ok,200,20
115,ok,200,20
116,ok,200,20
117,ok,200,20
118,ok,200,20
119,ok,200,20
120,ok,200,20
121,ok,200,20
122,ok,200,20
123,ok,200,20
124,ok,200,20
125,ok,200,20
126,ok,200,20
127,ok,200,20
128,ok,200,20
129,ok,200,20
130,ok,200,20
131,ok,200,20
132,ok,200,20
133,ok,200,20
134,ok,200,20
135,ok,200,20
136,ok,200,20
137,ok,200,20
138,ok,200,20
139,ok,200,20
140,ok,200,20
141,ok,200,20
142,ok,200,20
143,ok,200,20
144,ok,200,20
145,ok,200,20
146,ok,200,20
147,ok,200,20
148,ok,200,20
149,ok,200,20
150,ok,200,20
